{"schemaVersion":"1.0","appDefinitionTemplate":{"id":"/providers/Microsoft.PowerApps/apps/","type":"Microsoft.PowerApps/apps","tags":{"primaryDeviceWidth":"1366","primaryDeviceHeight":"768","supportsPortrait":"true","supportsLandscape":"true","primaryFormFactor":"Tablet","showStatusBar":"false","publisherVersion":"3.25011.10","minimumRequiredApiVersion":"2.2.0","hasComponent":"false","hasUnlockedComponent":"false","isUnifiedRootApp":"false","sienaVersion":"20250127T192407Z-3.25011.10.0","offlineLargeFilesSupport":"false","coauthoringEnabled":"true","multipleWritersEnabled":"true","acceptedCoauthoringTerms":"true"},"properties":{"appVersion":"2025-01-27T19:24:07Z","lifeCycleId":"Published","createdByClientVersion":{"major":3,"minor":25011,"build":10,"revision":0,"majorRevision":0,"minorRevision":0},"minClientVersion":{"major":3,"minor":25011,"build":10,"revision":0,"majorRevision":0,"minorRevision":0},"backgroundColor":"RGBA(0,176,240,1)","backgroundImageUri":"/1825688031337766218/N5960d3f9-7710-4b51-9954-490aebcbbda8-logoSmallFile","displayName":"LabAccessionTracker","description":"added table view report","commitMessage":"","appUris":{"documentUri":{"value":"/1825688031337766218/N32d2e5b1-3252-4ecb-821a-7ce8ef2a0810-document.msapp"},"imageUris":[],"additionalUris":[{"isSolutionAware":false,"value":"/1825688031337766218/N276bc1f9-dd12-46b9-b8da-7f799b88b457-identity.json"}]},"createdTime":"0001-01-01T00:00:00Z","lastModifiedTime":"0001-01-01T00:00:00Z","sharedGroupsCount":0,"sharedUsersCount":0,"connectionReferences":{"36512b99-b113-42dd-aa7c-173d9a50b7af":{"id":"b7a19980-d1d5-4e59-958e-7a830009aab3","displayName":"SharePoint","iconUri":"https://conn-afd-prod-endpoint-bmc9bqahasf3grgk.b01.azurefd.net/releases/v1.0.1723/1.0.1723.3986/sharepointonline/icon.png","dataSources":["Accession Log"],"dependencies":[],"dependents":[],"parameterHints":{},"parameterHintsV2":{},"isOnPremiseConnection":false,"bypassConsent":false,"dataSets":{"https://dvagov.sharepoint.com/sites/vhaaugpathlab":{"dataSources":{"Accession Log":{"tableName":"cf846ab0-36c1-4f46-bbc6-f6fedb0202a8"}}}},"apiTier":"Standard","isCustomApiConnection":false,"actions":["providers/PowerPlatform.Governance/Operations/Read","providers/PowerPlatform.Governance/Operations/Write"]}},"authorizationReferences":[{"resourceId":"powerbi"}],"databaseReferences":{},"almMode":"Solution","performanceOptimizationEnabled":true,"canConsumeAppPass":true,"enableModernRuntimeMode":false,"executionRestrictions":{"isTeamsOnly":false,"dataLossPreventionEvaluationResult":{"status":"Compliant","lastEvaluationDate":"2023-11-03T19:07:05.3257943Z","violations":[],"violationsByPolicy":[],"violationErrorMessage":"The app uses the following connectors: shared_powerbi, shared_sharepointonline."}}},"isAppComponentLibrary":false,"appType":"ClassicCanvasApp","appComponents":[]}}